1;fr;Qui a annoncé que son mari, Orlando Bloom, était fétichiste des pieds ?;Miranda Kerr;Jessica Clarke;Hannah Davis;Rhea Durham;Débutant;En 2007, Miranda Kerr fu le premier mannequin australien à rejoindre la prestigieuse équipe des Anges de Victoria's Secret.;https://fr.wikipedia.org/wiki/Miranda_Kerr
2;fr;Quelle chanteuse et actrice est la bomba latina la plus célèbre du monde ?;Jennifer Lopez;Mariah Carey;Nicki Minaj;Paula Abdul;Débutant;Avec une fortune de 400 millions de dollars, elle fut récompensée en 2013 pour sa carrière et a reçu la 2 500e étoile du Walk of Fame.;https://fr.wikipedia.org/wiki/Jennifer_Lopez
3;fr;Quelle princesse a illuminé le Rocher lors du 65e gala de la Croix-Rouge ?;Charlene;Anne;Beatrice;Eugenie;Débutant;Par son mariage avec le prince souverain Albert II de Monaco, elle est désormais connue comme la princesse Charlène de Monaco.;https://fr.wikipedia.org/wiki/Charlene_Wittstock
4;fr;Quelle championne de tennis russe a lancé sa propre marque de bonbons ?;Maria Sharapova;Dinara Safina;Alina Jidkova;Maria Kirilenko;Débutant;Meilleure joueuse russe de l'histoire du tennis, elle compte à son palmarès une médaille d'argent olympique remportée en 2012.;https://fr.wikipedia.org/wiki/Maria_Sharapova
5;fr;À quel âge Halle Berry a-t-elle mis au monde son deuxième enfant ?;47 ans;52 ans;42 ans;37 ans;Débutant;Divorcée du joueur de baseball David Justice, puis du chanteur Eric Benet, elle a eu un fils avec le comédien français Olivier Martinez.;https://fr.wikipedia.org/wiki/Halle_Berry
6;fr;Quelle star du cinéma français a épousé Lilou Fogli en 2013 ?;Clovis Cornillac;Kad Merad;Gérard Lanvin;Benoît Magimel;Débutant;En 2008, il a inauguré à Lyon son restaurant aux influences méditerranéennes, avec son ex-beau-frère et son ex-belle-soeur.;https://fr.wikipedia.org/wiki/Clovis_Cornillac
7;fr;Quelle chanteuse française le magazine Life a-t-il surnommée la yéyé girl ?;Sylvie Vartan;Marie Laforêt;Nana Mouskouri;Mireille Mathieu;Débutant;Sylvie Vartan a chanté en neuf langues : français, anglais, allemand, espagnol, italien, japonais, néerlandais, bulgare et portugais.;https://fr.wikipedia.org/wiki/Sylvie_Vartan
8;fr;Quel joueur serbe de tennis a demandé la main de Jelena Ristic en 2013 ?;Novak Djokovic;Viktor Troicki;Dusan Lajovic;Laslo Djere;Débutant;Novak Djokovic a réalisé le Petit Chelem en 2011 et 2015 ainsi que le Grand Chelem entre Wimbledon 2015 et Roland-Garros 2016.;https://fr.wikipedia.org/wiki/Novak_Djokovic
9;fr;Quelle ex petite-amie de Johnny Depp a affirmé sa bisexualité en 2010 ?;Amber Heard;Sherilyn Fenn;Jennifer Grey;Vanessa Paradis;Débutant;En 2016, elle a tenu un rôle dans un projet ambitieux : le biopic « The Danish Girl », réalisé par le cinéaste australien oscarisé Tom Hooper.;https://fr.wikipedia.org/wiki/Amber_Heard
10;fr;Quel truculent chef savoyard a survécu à un terrible accident de ski ?;Marc Veyrat;Thierry Marx;Vincent Arnould;Alain Passard;Débutant;Il est reconnu par les guides gastronomiques comme un cuisinier exceptionnel, ayant obtenu trois fois trois étoiles au Guide Michelin.;https://fr.wikipedia.org/wiki/Marc_Veyrat
11;fr;À seulement 27 ans, quelle mannequin a dit oui à son fiancé John Legend ?;Chrissy Teigen;Pamela Bach;Virginia Gardner;Olivia Jordan;Confirmé;Chrissy Teigen tient aussi un blog, sodelushious.com, où elle parle de ses découvertes culinaires au cours de ses voyages.;https://fr.wikipedia.org/wiki/Chrissy_Teigen
12;fr;À quelle date Kate Middleton et Penélope Cruz ont-elles donné la vie ?;22 juillet 2013;16 juin 2012;12 août 2014;11 septembre 2015;Confirmé;Penélope Cruz a été mannequin pour plusieurs entreprises L'Oréal, mais a aussi conçu des éléments pour Mango.;https://fr.wikipedia.org/wiki/Penélope_Cruz
13;fr;Quel chanteur est père de huit enfants nés de cinq mères différentes ?;Rod Stewart;Bon Jovi;Phil Collins;Neil Diamond;Confirmé;Le 11 octobre 2016, Rod Stewart a été anobli par le Prince William, duc de Cambridge, devenant ainsi Sir Roderick David Stewart.;https://fr.wikipedia.org/wiki/Rod_Stewart
14;fr;Sous quel nom Pierre Sarkozy est-il plus connu dans le milieu de la nuit ?;DJ Mosey;Afrojack;Madeon;Avicii;Confirmé;Le 23 septembre 1982, Nicolas Sarkozy a épousé Marie-Dominique Culioli avec qui ils ont eu Pierre en 1985 et Jean en 1986.;https://fr.wikipedia.org/wiki/Famille_de_Nicolas_Sarkozy
15;fr;Quel acteur français est devenu en 2013 le nouveau visage des parfums Brut ?;Samuel Le Bihan;Laurent Lafitte;Thierry Frémont;Guillaume Canet;Confirmé;En 2014, il crée une association qui a pour vocation de lutter contre le fléau des pollutions plastiques sur les continents et les océans.;https://fr.wikipedia.org/wiki/Samuel_Le_Bihan
16;fr;Qui fut longtemps le compagnon de la défunte bimbo Lolo Ferrari ?;Éric Vigne;Amaury Vassili;Jan Bucquoy;Francis De Smet;Confirmé;Lolo Ferrari a toujours eu une grande admiration pour Amanda Lear et Marilyn Monroe auxquelles elle voulait ressembler.;https://fr.wikipedia.org/wiki/Lolo_Ferrari
17;fr;Quelle mannequin mexicaine a épousé le gros dur Vin Diesel ?;Paloma Jimenez;Paulina Flores;Blanca Soto;Ninel Conde;Confirmé;Leur dernière fille a été prénommée Pauline en hommage à leur ami Paul Walker, décédé dans un accident de la route en Californie.;https://fr.wikipedia.org/wiki/Vin_Diesel
18;fr;Quel chanteur lyrique français a été arrêté en 2013 pour détention de stupéfiants ?;Amaury Vassili;Louis Saintève;Guy Chauvet;Gilbert Duprez;Confirmé;Souvent présenté comme le plus jeune ténor au monde, le timbre plus sombre de sa voix le classifierait plutôt comme baryton martin.;https://fr.wikipedia.org/wiki/Amaury_Vassili
19;fr;Quelle star hollywoodienne a révélé un passé adolescent de jeune lutteur ?;Tom Cruise;Hugh Jackman;Tobey Maguire;Christian Bale;Confirmé;Tom Cruise débuta dans « Risky Business » en 1983, mais c'est après avoir joué dans « Top Gun » qu'il deviendra une star internationale.;https://fr.wikipedia.org/wiki/Tom_Cruise
20;fr;À quel chanteur Justin Bieber voue-t-il un culte tout particulier ?;Jimi Hendrix;Luther Johnson;Otis Rush;Elmore James;Confirmé;Hendrix avait non seulement la particularité d'être un guitariste gaucher, mais aussi de jouer sur une guitare de droitier.;https://fr.wikipedia.org/wiki/Jimi_Hendrix
21;fr;Quelle mannequin hongrois est devenue égérie de la marque Gas Jeans ?;Barbara Palvin;Andrea Osvart;Annelies Toros;Zita Gorog;Expert;Au cours de sa carrière, elle est apparue dans divers magazines hongrois comme Elle, Glamour et Cosmopolitan Hongrie.;https://fr.wikipedia.org/wiki/Barbara_Palvin
22;fr;De quelle mannequin Christian Audigier ne peut-il plus se passer ?;Nathalie Sorensen;Adriana Lima;Isabeli Fontana;Lais Ribeiro;Expert;Il profite pleinement de sa réussite pour passer plus de temps avec ses enfants et sa compagne, le mannequin Nathalie Sorensen.;https://fr.wikipedia.org/wiki/Christian_Audigier
23;fr;Quel acteur mexicain est également ambassadeur pour Oxfam ?;Gael Garcia Bernal;Enrique Guzman;Bruno Bichir;Emilio Osorio;Expert;Le 14 août 2012, il a reçu le trophée Excellence Award Moët et Chandon pour l'ensemble de sa carrière au Festival de Locarno.;https://fr.wikipedia.org/wiki/Gael_Garcia_Bernal
24;fr;Quelle bombe américaine a assuré la promo des nouvelles lunettes Osiris ?;Erin Heatherton;Candice Swanepoel;Lindsay Ellingson;Lily Aldridge;Expert;Erin Heatherton, égérie de la marque Victoria's Secret entre 2010 et 2013, est également connue pour ses taches de rousseur.;https://fr.wikipedia.org/wiki/Erin_Heatherton
25;fr;Avec quelle Miss Univers le latin lover David Bisbal a-t-il eu une idylle ?;Zuleyka Rivera;Natalie Glebova;Riyo Mori;Dayana Mendoza;Expert;Zuleyka Jerris Rivera Mendoza est la cinquième porto-ricaine à avoir remporté le titre de Miss Univers, ici en 2006 à Los Angeles.;https://fr.wikipedia.org/wiki/Zuleyka_Rivera
26;fr;Avec quel réalisateur Kate Bosworth est-elle unie par les liens du mariage ?;Michael Polish;Ian Somerhalder;Matt Czuchry;Orlando Bloom;Expert;Kate Bosworth, qui a les yeux vairons (l'un bleu, l'autre marron), a été en couple avec l'acteur Ian Somerhalder en 2002.;https://fr.wikipedia.org/wiki/Kate_Bosworth
27;fr;Qui a été déclarée nouvelle égérie Naf Naf Automne-Hiver 2013/2014 ?;Leighton Meester;Blake Lively;Jessica Szohr;Kelly Rutherford;Expert;Leighton Meester est connue pour avoir incarné le personnage de Blair Waldorf dans la série dramatique américaine « Gossip Girl ».;https://fr.wikipedia.org/wiki/Leighton_Meester
28;fr;Quelle actrice américaine est la fille de la regrettée Jayne Mansfield ?;Mariska Hargitay;Helen Hunt;Gwyneth Paltrow;Glenn Close;Expert;Lors de sa victoire aux Emmy de 2006, Mariska a mis un point d'honneur à remercier son père pour tout ce qu'il avait fait pour elle.;https://fr.wikipedia.org/wiki/Mariska_Hargitay
29;fr;Avec quelle présentatrice télé le pilote de Formule 1 Romain Grosjean est-il marié ?;Marion Jollès;Laurence Ferrari;Valérie Bègue;Daphné Chollet;Expert;Depuis 2014, elle présente l'émission « Histoire d'un rêve » chaque mardi et vendredi à 13h55 sur TF1, succédant à Hélène Boucher.;https://fr.wikipedia.org/wiki/Marion_Jollès_Grosjean
30;fr;Avec quelle sublime top model suisse Joe Jonas a-t-il roucoulé en 2013 ?;Blanda Eggenschwiler;Sienna Miller;Lauren Gold;Cara Delevingne;Expert;Élevé dans une famille chrétienne, Joseph Adam Jonas s'est très jeune découvert une passion pour la comédie.;https://fr.wikipedia.org/wiki/Joe_Jonas
1;en;Who announced that her husband, Orlando Bloom, was a foot fetishist ?;Miranda Kerr;Jessica Clarke;Hannah Davis;Rhea Durham;Débutant;In 2007, Miranda Kerr was the first Australian model to join the prestigious Victoria's Secret Angels team.;https://en.wikipedia.org/wiki/Miranda_Kerr
2;en;Which singer and actress is the most famous Latin bomba in the world ?;Jennifer Lopez;Mariah Carey;Nicki Minaj;Paula Abdul;Débutant;With a fortune of 400 million dollars, she was rewarded in 2013 for her career and received the 2,500th star of the Walk of Fame.;https://en.wikipedia.org/wiki/Jennifer_Lopez
3;en;Which princess illuminated the Rock at the 65th Red Cross Gala ?;Charlene;Anne;Beatrice;Eugenie;Débutant;By her marriage to the sovereign Prince Albert II of Monaco, she is now known as the Princess Charlene of Monaco.;https://en.wikipedia.org/wiki/Charlene,_Princess_of_Monaco
4;en;Which Russian tennis champion has launched her own brand of candy ?;Maria Sharapova;Dinara Safina;Alina Jidkova;Maria Kirilenko;Débutant;Best Russian player in the history of tennis, she has won an Olympic silver medal in 2012.;https://en.wikipedia.org/wiki/Maria_Sharapova
5;en;What age did Halle Berry give birth to her second child ?;47 years old;52 years old;42 years old;37 years old;Débutant;Divorced by baseball player David Justice, then singer Eric Benet, she had a son with French comedian Olivier Martinez.;https://en.wikipedia.org/wiki/Halle_Berry
6;en;Which French film star has Lilou Fogli in 2013 ?;Clovis Cornillac;Kad Merad;Gerard Lanvin;Benoit Magimel;Débutant;In 2008, he inaugurated in Lyon his restaurant with Mediterranean influences, with his ex-brother-in-law and ex-sister-in-law.;https://en.wikipedia.org/wiki/Clovis_Cornillac
7;en;What French singer did Life magazine call the yéyé girl ?;Sylvie Vartan;Marie Laforet;Nana Mouskouri;Mireille Mathieu;Débutant;Sylvie Vartan has sung in nine languages: French, English, German, Spanish, Italian, Japanese, Dutch, Bulgarian and Portuguese.;https://en.wikipedia.org/wiki/Sylvie_Vartan
8;en;Which Serbian tennis player asked for Jelena Ristic's hand in 2013 ?;Novak Djokovic;Viktor Troicki;Dusan Lajovic;Laslo Djere;Débutant;Novak Djokovic made the Petit Slam in 2011 and 2015, as well as the Grand Slam between Wimbledon 2015 and Roland Garros 2016.;https://en.wikipedia.org/wiki/Novak_Djokovic
9;en;What ex-girlfriend of Johnny Depp claimed her bisexuality in 2010 ?;Amber Heard;Sherilyn Fenn;Jennifer Gray;Vanessa Paradis;Débutant;In 2016, she took part in an ambitious project : the biopic « The Danish Girl », directed by Oscar-winning Australian filmmaker Tom Hooper.;https://en.wikipedia.org/wiki/Amber_Heard
10;en;What a fabulous Savoyard chef survived a terrible skiing accident ?;Marc Veyrat;Thierry Marx;Vincent Arnould;Alain Passard;Débutant;He is recognized by the gastronomic guides as an exceptional cook, having obtained three times three stars in the Michelin Guide.;https://en.wikipedia.org/wiki/Marc_Veyrat
11;en;At only 27 years old, what model has said yes to her fiancé John Legend ?;Chrissy Teigen;Pamela Bach;Virginia Gardner;Olivia Jordan;Confirmé;Chrissy Teigen also runs a blog, sodelushious.com, where she talks about her culinary discoveries during her travels.;https://en.wikipedia.org/wiki/Chrissy_Teigen
12;en;When did Kate Middleton and Penélope Cruz give birth ?;July 22, 2013;June 16, 2012;August 12, 2014;September 11, 2015;Confirmé;Penélope Cruz has been a model for several L'Oréal companies, but has also designed elements for Mango.;https://en.wikipedia.org/wiki/Penélope_Cruz
13;en;Which singer is father of eight children born to five different mothers ?;Rod Stewart;Bon Jovi;Phil Collins;Neil Diamond;Confirmé;On October 11, 2016, Rod Stewart was knighted by Prince William, Duke of Cambridge, becoming Sir Roderick David Stewart.;https://en.wikipedia.org/wiki/Rod_Stewart
14;en;Under what name is Pierre Sarkozy best known in the middle of the night ?;DJ Mosey;Afrojack;Madeon;Avicii;Confirmé;On September 23, 1982, Nicolas Sarkozy married Marie-Dominique Culioli with whom they had Pierre in 1985 and Jean in 1986.;https://en.wikipedia.org/wiki/Family_history_of_Nicolas_Sarkozy
15;en;Which French actor became in 2013 the new face of Brut perfumes ?;Samuel Le Bihan;Laurent Lafitte;Thierry Fremont;Guillaume Canet;Confirmé;In 2014, he created an association that aims to fight against the fl ow of plastic pollution on continents and oceans.;https://en.wikipedia.org/wiki/Samuel_Le_Bihan
16;en;Who was for a long time the companion of the bimbo Lolo Ferrari ?;Eric Vigne;Amaury Vassili;Jan Bucquoy;Francis De Smet;Confirmé;Lolo Ferrari has always had a great admiration for Amanda Lear and Marilyn Monroe whom she wanted to look like.;https://en.wikipedia.org/wiki/Lolo_Ferrari
17;en;Which Mexican model married the big hard Vin Diesel ?;Paloma Jimenez;Paulina Flores;Blanca Soto;Ninel Conde;Confirmé;Their last daughter was named Pauline in tribute to their friend Paul Walker, who died in a California car accident.;https://en.wikipedia.org/wiki/Vin_Diesel
18;en;Which French opera singer was arrested in 2013 for stealing narcotics ?;Amaury Vassili;Louis Sainteve;Guy Chauvet;Gilbert Duprez;Confirmé;Often portrayed as the youngest in the world, the darker tone of his voice would rather classify him as a baritone martin.;https://en.wikipedia.org/wiki/Amaury_Vassili
19;en;What Hollywood star has revealed a young fighter teenager pass ?;Tom Cruise;Hugh Jackman;Tobey Maguire;Christian Bale;Confirmé;Tom Cruise started in « Risky Business » in 1983, but it was after playing in « Top Gun » that he became an international star.;https://en.wikipedia.org/wiki/Tom_Cruise
20;en;What singer, Justin Bieber, does he worship ?;Jimi Hendrix;Luther Johnson;Otis Rush;Elmore James;Confirmé;Hendrix not only had the distinction of being a left-handed guitarist, but also of playing on a right-handed guitar.;https://en.wikipedia.org/wiki/Jimi_Hendrix
21;en;Which Hungarian model has become the face of the Gas Jeans brand ?;Barbara Palvin;Andrea Osvart;Annelies Toros;Zita Gorog;Expert;During her career, she has appeared in various Hungarian magazines such as Elle, Glamor and Cosmopolitan Hungary.;https://en.wikipedia.org/wiki/Barbara_Palvin
22;en;Which model Christian Audigier can not live without ?;Nathalie Sorensen;Adriana Lima;Isabeli Fontana;Lais Ribeiro;Expert;He takes full advantage of his success to spend more time with his children and his companion, the model Nathalie Sorensen.;https://en.wikipedia.org/wiki/Christian_Audigier
23;en;Which Mexican actor is also ambassador for Oxfam ?;Gael Garcia Bernal;Enrique Guzman;Bruno Bichir;Emilio Osorio;Expert;On August 14, 2012, he received the Excellence Award Moët et Chandon for his entire career at the Locarno Festival.;
24;en;What American bomb has promoted the new Osiris glasses ?;Erin Heatherton;Candice Swanepoel;Lindsay Ellingson;Lily Aldridge;Expert;Erin Heatherton, a Victoria's Secret brand between 2010 and 2013, is also known for her freckles.;https://en.wikipedia.org/wiki/Erin_Heatherton
25;en;With which Miss Universe Latin Lover Did David Bisbal have an idyll ?;Zuleyka Rivera;Natalie Glebova;Riyo Mori;Dayana Mendoza;Expert;Zuleyka Jerris Rivera Mendoza is the fifth Puerto Rican to win the Miss Universe title, here in 2006 in Los Angeles.;https://en.wikipedia.org/wiki/Zuleyka_Rivera
26;en;With which director is Kate Bosworth united by the bonds of marriage ?;Michael Polish;Ian Somerhalder;Matt Czuchry;Orlando Bloom;Expert;Kate Bosworth, who has black eyes (one blue, the other brown), was in a relationship with actor Ian Somerhalder in 2002.;https://en.wikipedia.org/wiki/Kate_Bosworth
27;en;Who has been declared new muse Naf Naf Fall-Winter 2013/2014 ?;Leighton Meester;Blake Lively;Jessica Szohr;Kelly Rutherford;Expert;Leighton Meester is known to have embodied the character of Blair Waldorf in the American drama series « Gossip Girl ».;https://en.wikipedia.org/wiki/Leighton_Meester
28;en;Which American actress is the daughter of the late Jayne Mansfield ?;Mariska Hargitay;Helen Hunt;Gwyneth Paltrow;Glenn Close;Expert;During her victory at the Emmy in 2006, Mariska made it a point of honor to thank her father for everything he had done for her.;https://en.wikipedia.org/wiki/Mariska_Hargitay
29;en;With which presenter is the Formula 1 driver Romain Grosjean married ?;Marion Jolles;Laurence Ferrari;Valerie Begue;Daphne Chollet;Expert;Since 2014, she presents the show « Story of a dream » every Tuesday and Friday at 13:55 on TF1, succeeding Hélène Boucher.;
30;en;With what sublime supermodel Swiss Joe Jonas cooed in 2013 ?;Blanda Eggenschwiler;Sienna Miller;Lauren Gold;Cara Delevingne;Expert;Raised in a christian family, Joe Jonas discovered a passion for comedy very young.;https://en.wikipedia.org/wiki/Joe_Jonas
1;de;Wer hat angekündigt, dass ihr Ehemann Orlando Bloom ein Fußfetischist ist ?;Miranda Kerr;Jessica Clarke;Hannah Davis;Rhea Durham;Débutant;2007 war Miranda Kerr das erste australische Model, das dem renommierten Victoria's Secret Angels-Team beitrat.;https://de.wikipedia.org/wiki/Miranda_Kerr
2;de;Welche Sängerin und Schauspielerin ist die berühmteste Latin Bomba der Welt ?;Jennifer Lopez;Mariah Carey;Nicki Minaj;Paula Abdul;Débutant;Mit einem Vermögen von 400 Millionen Dollar wurde sie 2013 für ihre Karriere belohnt und erhielt den 2.500sten Stern des Walk of Fame.;https://de.wikipedia.org/wiki/Jennifer_Lopez
3;de;Welche Prinzessin beleuchtete den Felsen bei der 65. Rotkreuz-Gala ?;Charlene;Anne;Beatrice;Eugenie;Débutant;Durch ihre Heirat mit dem Fürsten Albert II von Monaco ist sie heute als Prinzessin Charlene von Monaco bekannt.;https://de.wikipedia.org/wiki/Charlène_von_Monaco
4;de;Welche russische Tennismeisterin hat ihre eigene Süßigkeitenmarke auf den Markt gebracht ?;Maria Sharapova;Dinara Safina;Alina Jidkova;Maria Kirilenko;Débutant;Die beste russische Spielerin in der Tennisgeschichte hat 2012 eine olympische Silbermedaille gewonnen.;https://de.wikipedia.org/wiki/Marija_Jurjewna_Scharapowa
5;de;In welchem Alter brachte Halle Berry ihr zweites Kind zur Welt ?;47 Jahre alt;52 Jahre alt;42 Jahre alt;37 Jahre alt;Débutant;Sie wurde vom Baseballspieler David Justice und dem damaligen Sänger Eric Benet geschieden und hatte einen Sohn mit dem französischen Komiker Olivier Martinez.;https://de.wikipedia.org/wiki/Halle_Berry
6;de;Welchen französischen Filmstar hat Lilou Fogli 2013 ?;Clovis Cornillac;Kad Merad;Gerard Lanvin;Benoit Magimel;Débutant;2008 eröffnete er in Lyon sein Restaurant mit mediterranen Einflüssen, zusammen mit seinem Ex-Schwager und seiner Ex-Schwägerin.;https://de.wikipedia.org/wiki/Clovis_Cornillac
7;de;Welche französische Sängerin nannte das Life-Magazin das yéyé-Mädchen ?;Sylvie Vartan;Marie Laforet;Nana Mouskouri;Mireille Mathieu;Débutant;Sylvie Vartan hat in neun Sprachen gesungen: Französisch, Englisch, Deutsch, Spanisch, Italienisch, Japanisch, Niederländisch, Bulgarisch und Portugiesisch.;https://de.wikipedia.org/wiki/Sylvie_Vartan
8;de;Welche serbische Tennisspielerin hat 2013 um Jelena Ristic gebeten ?;Novak Djokovic;Viktor Troicki;Dusan Lajovic;Laslo Djere;Débutant;Novak Djokovic hat 2011 und 2015 den Petit Slam sowie den Grand Slam zwischen Wimbledon 2015 und Roland Garros 2016 bestritten.;https://de.wikipedia.org/wiki/Novak_Djokovic
9;de;Welche Ex-Freundin von Johnny Depp hat 2010 ihre Bisexualität behauptet ?;Amber Heard;Sherilyn Fenn;Jennifer Gray;Vanessa Paradis;Débutant;2016 nahm sie an einem ehrgeizigen Projekt teil : dem Biopic « The Danish Girl » unter der Regie des mit einem Oscar ausgezeichneten australischen Filmemachers Tom Hooper.;https://de.wikipedia.org/wiki/Amber_Heard
10;de;Was für ein fabelhafter savoyischer Koch überlebte einen schrecklichen Skiunfall ?;Marc Veyrat;Thierry Marx;Vincent Arnould;Alain Passard;Débutant;Er wird von den Gastronomieführern als außergewöhnlicher Koch anerkannt, der im Michelin-Führer dreimal drei Sterne erhalten hat.;https://de.wikipedia.org/wiki/Marc_Veyrat
11;de;Welches Model hat mit nur 27 Jahren zu ihrem Verlobten John Legend Ja gesagt ?;Chrissy Teigen;Pamela Bach;Virginia Gardner;Olivia Jordan;Confirmé;Chrissy Teigen betreibt auch einen Blog, sodelushious.com, in dem sie über ihre kulinarischen Entdeckungen während ihrer Reisen berichtet.;https://de.wikipedia.org/wiki/Chrissy_Teigen
12;de;Wann haben Kate Middleton und Penélope Cruz geboren ?;22. Juli 2013;16. Juni 2012;12. August 2014;11. September 2015;Confirmé;Penélope Cruz war ein Vorbild für mehrere L'Oréal-Unternehmen, hat aber auch Elemente für Mango entworfen.;https://de.wikipedia.org/wiki/Penélope_Cruz
13;de;Welche Sängerin ist Vater von acht Kindern, die von fünf verschiedenen Müttern geboren wurden ?;Rod Stewart;Bon Jovi;Phil Collins;Neil Diamond;Confirmé;Am 11. Oktober 2016 wurde Rod Stewart von Prinz William, Herzog von Cambridge, zum Ritter geschlagen und wurde Sir Roderick David Stewart.;https://de.wikipedia.org/wiki/Rod_Stewart
14;de;Unter welchem Namen ist Pierre Sarkozy mitten in der Nacht am bekanntesten ?;DJ Mosey;Afrojack;Madeon;Avicii;Confirmé;Am 23. September 1982 heiratete Nicolas Sarkozy Marie-Dominique Culioli, mit der sie 1985 Pierre und 1986 Jean hatte.;
15;de;Welcher französische Schauspieler wurde 2013 das neue Gesicht von Brut-Parfums ?;Samuel Le Bihan;Laurent Lafitte;Thierry Fremont;Guillaume Canet;Confirmé;2014 gründete er einen Verein, der sich zum Ziel gesetzt hat, die Verschmutzung von Kontinenten und Ozeanen durch Plastik zu bekämpfen.;https://de.wikipedia.org/wiki/Samuel_Le_Bihan
16;de;Wer war lange Zeit der Begleiter des Bimbo Lolo Ferrari ?;Eric Vigne;Amaury Vassili;Jan Bucquoy;Francis De Smet;Confirmé;Lolo Ferrari hatte schon immer eine große Bewunderung für Amanda Lear und Marilyn Monroe, wie sie aussehen wollte.;https://de.wikipedia.org/wiki/Lolo_Ferrari
17;de;Welches mexikanische Model heiratete den großen harten Vin Diesel ?;Paloma Jimenez;Paulina Flores;Blanca Soto;Ninel Conde;Confirmé;Ihre letzte Tochter hieß Pauline zu Ehren ihres Freundes Paul Walker, der bei einem Autounfall in Kalifornien ums Leben kam.;https://de.wikipedia.org/wiki/Vin_Diesel
18;de;Welcher französische Opernsänger wurde 2013 wegen Diebstahls von Betäubungsmitteln verhaftet ?;Amaury Vassili;Louis Sainteve;Guy Chauvet;Gilbert Duprez;Confirmé;Oft als der jüngste der Welt dargestellt, würde ihn der dunklere Ton seiner Stimme eher als Bariton-Martin klassifizieren.;https://de.wikipedia.org/wiki/Amaury_Vassili
19;de;Welcher Hollywoodstar hat einen jugendlichen Pass für junge Kämpfer enthüllt ?;Tom Cruise;Hugh Jackman;Tobey Maguire;Christian Bale;Confirmé;Tom Cruise startete 1983 in « Risky Business », wurde aber nach dem Spielen in « Top Gun » zu einem internationalen Star.;https://de.wikipedia.org/wiki/Tom_Cruise
20;de;Welchen Sänger, Justin Bieber, verehrt er ?;Jimi Hendrix;Luther Johnson;Otis Rush;Elmore James;Confirmé;Hendrix war nicht nur ein linkshändiger Gitarrist, sondern auch ein Rechtshänder.;https://de.wikipedia.org/wiki/Jimi_Hendrix
21;de;Welches ungarische Model ist zum Gesicht der Marke Gas Jeans geworden ?;Barbara Palvin;Andrea Osvart;Annelies Toros;Zita Gorog;Expert;Während ihrer Karriere trat sie in verschiedenen ungarischen Zeitschriften wie Elle, Glamour und Cosmopolitan Hungary auf.;https://de.wikipedia.org/wiki/Barbara_Palvin
22;de;Auf welches Model kann Christian Audigier nicht verzichten ?;Nathalie Sorensen;Adriana Lima;Isabeli Fontana;Lais Ribeiro;Expert;Er nutzt seinen Erfolg, um mehr Zeit mit seinen Kindern und seiner Begleiterin, dem Model Nathalie Sorensen, zu verbringen.;https://de.wikipedia.org/wiki/Christian_Audigier
23;de;Welcher mexikanische Schauspieler ist auch Botschafter von Oxfam ?;Gael Garcia Bernal;Enrique Guzman;Bruno Bichir;Emilio Osorio;Expert;Am 14. August 2012 erhielt er den Excellence Award Moët et Chandon für seine gesamte Karriere beim Locarno Festival.;
24;de;Welche amerikanische Bombe hat für die neue Osiris-Brille geworben ?;Erin Heatherton;Candice Swanepoel;Lindsay Ellingson;Lily Aldridge;Expert;Erin Heatherton, eine Marke von Victoria's Secret zwischen 2010 und 2013, ist auch für ihre Sommersprossen bekannt.;https://de.wikipedia.org/wiki/Erin_Heatherton
25;de;Mit welchem Miss Universe Latin Lover hatte David Bisbal eine Idylle ?;Zuleyka Rivera;Natalie Glebova;Riyo Mori;Dayana Mendoza;Expert;Zuleyka Jerris Rivera Mendoza ist der fünfte Puertoricaner, der den Miss Universe-Titel gewann, 2006 hier in Los Angeles.;https://de.wikipedia.org/wiki/Zuleyka_Rivera_Mendoza
26;de;Mit welcher Regisseurin ist Kate Bosworth durch die Ehe verbunden ?;Michael Polnisch;Ian Somerhalder;Matt Czuchry;Orlando Bloom;Expert;Kate Bosworth, die schwarze Augen hat (eines blau, das andere braun), war 2002 in einer Beziehung mit dem Schauspieler Ian Somerhalder.;https://de.wikipedia.org/wiki/Kate_Bosworth
27;de;Wer wurde zur neuen Muse Naf Naf Herbst-Winter 2013/2014 erklärt ?;Leighton Meester;Blake Lively;Jessica Szohr;Kelly Rutherford;Expert;Von Leighton Meester ist bekannt, dass er den Charakter von Blair Waldorf in der amerikanischen Dramaserie « Gossip Girl » verkörpert hat.;https://de.wikipedia.org/wiki/Leighton_Meester
28;de;Welche amerikanische Schauspielerin ist die Tochter der verstorbenen Jayne Mansfield ?;Mariska Hargitay;Helen Hunt;Gwyneth Paltrow;Glenn Close;Expert;Während ihres Sieges beim Emmy 2006 machte Mariska es sich zur Ehre, ihrem Vater für alles zu danken, was er für sie getan hatte.;https://de.wikipedia.org/wiki/Mariska_Hargitay
29;de;Mit welchem Moderator ist der Formel-1-Fahrer Romain Grosjean verheiratet ?;Marion Jolles;Laurence Ferrari;Valerie Begue;Daphne Chollet;Expert;Seit 2014 präsentiert sie jeden Dienstag und Freitag um 13:55 Uhr die Show « Story of a Dream » auf TF1, die die Nachfolge von Hélène Boucher antritt.;
30;de;Mit welchem erhabenen Supermodel gurrte der Schweizer Joe Jonas 2013 ?;Blanda Eggenschwiler;Sienna Miller;Lauren Gold;Cara Delevingne;Expert;Joe Jonas ist in einer christlichen Familie aufgewachsen und entdeckte schon in jungen Jahren eine Leidenschaft für Comedy.;https://de.wikipedia.org/wiki/Joe_Jonas
1;es;¿Quién anunció que su esposo, Orlando Bloom, era un fetichista de los pies ?;Miranda Kerr;Jessica Clarke;Hannah Davis;Rhea Durham;Débutant;En 2007, Miranda Kerr fue la primera modelo australiana en unirse al prestigioso equipo de Victoria's Secret Angels.;https://es.wikipedia.org/wiki/Miranda_Kerr
2;es;¿Qué cantante y actriz es la bomba latina más famosa del mundo ?;Jennifer Lopez;Mariah Carey;Nicki Minaj;Paula Abdul;Débutant;Con una fortuna de 400 millones de dólares, fue recompensada en 2013 por su carrera y recibió la estrella número 2.500 del Paseo de la Fama.;https://es.wikipedia.org/wiki/Jennifer_Lopez
3;es;¿Qué princesa iluminó la roca en la 65a Gala de la Cruz Roja ?;Charlene;Anne;Beatriz;Eugenia;Débutant;Por su matrimonio con el soberano Príncipe Alberto II de Mónaco, ahora se la conoce como la Princesa Charlene de Mónaco.;https://es.wikipedia.org/wiki/Carlina_de_Mónaco
4;es;¿Qué campeona de tenis rusa ha lanzado su propia marca de dulces ?;Maria Sharapova;Dinara Safina;Alina Jidkova;Maria Kirilenko;Débutant;Mejor jugadora rusa en la historia del tenis, ganó una medalla de plata olímpica en 2012.;https://es.wikipedia.org/wiki/María_Sharápova
5;es;¿A qué edad dio a luz Halle Berry a su segundo hijo ?;47 años de edad;52 años de edad;42 años de edad;37 años de edad;Débutant;Divorciada por el jugador de béisbol David Justice, entonces cantante Eric Benet, tuvo un hijo con el comediante francés Olivier Martínez.;https://es.wikipedia.org/wiki/Halle_Berry
6;es;¿Qué estrella de cine francés tiene Lilou Fogli en 2013 ?;Clovis Cornillac;Kad Merad;Gerard Lanvin;Benoit Magimel;Débutant;En 2008, inauguró en Lyon su restaurante con influencias mediterráneas, con su ex cuñado y ex cuñada.;https://es.wikipedia.org/wiki/Clovis_Cornillac
7;es;¿Qué cantante francés llamó la revista Life a la chica yéyé ?;Sylvie Vartan;Marie Laforet;Nana Mouskouri;Mireille Mathieu;Débutant;Sylvie Vartan ha cantado en nueve idiomas: francés, inglés, alemán, español, italiano, japonés, holandés, búlgaro y portugués.;https://es.wikipedia.org/wiki/Sylvie_Vartan
8;es;¿Qué tenista serbia pidió la mano de Jelena Ristic en 2013 ?;Novak Djokovic;Viktor Troicki;Dusan Lajovic;Laslo Djere;Débutant;Novak Djokovic realizó el Petit Slam en 2011 y 2015, así como el Grand Slam entre Wimbledon 2015 y Roland Garros 2016.;https://es.wikipedia.org/wiki/Novak_Djokovic
9;es;¿Qué ex novia de Johnny Depp reclamó su bisexualidad en 2010 ?;Amber Heard;Sherilyn Fenn;Jennifer Gray;Vanessa Paradis;Débutant;En 2016, participó en un ambicioso proyecto : la película biográfica « The Danish Girl », dirigida por el cineasta australiano ganador del Oscar Tom Hooper.;https://es.wikipedia.org/wiki/Amber_Heard
10;es;¿Qué fabuloso chef de Saboya sobrevivió a un terrible accidente de esquí ?;Marc Veyrat;Thierry Marx;Vincent Arnould;Alain Passard;Débutant;Es reconocido por las guías gastronómicas como un cocinero excepcional, habiendo obtenido tres veces tres estrellas en la Guía Michelin.;
11;es;Con solo 27 años, ¿qué modelo le ha dicho que sí a su prometido John Legend ?;Chrissy Teigen;Pamela Bach;Virginia Gardner;Olivia Jordan;Confirmé;Chrissy Teigen también dirige un blog, sodelushious.com, donde habla sobre sus descubrimientos culinarios durante sus viajes.;https://es.wikipedia.org/wiki/Chrissy_Teigen
12;es;¿Cuándo dieron a luz Kate Middleton y Penélope Cruz ?;22 de julio de 2013;16 de junio de 2012;12 de agosto de 2014;11 de septiembre de 2015;Confirmé;Penélope Cruz ha sido modelo para varias empresas de L'Oréal, pero también ha diseñado elementos para Mango.;https://es.wikipedia.org/wiki/Penélope_Cruz
13;es;¿Qué cantante es padre de ocho hijos nacidos de cinco madres diferentes ?;Rod Stewart;Bon Jovi;Phil Collins;Neil Diamond;Confirmé;El 11 de octubre de 2016, Rod Stewart fue nombrado caballero por el príncipe William, duque de Cambridge, convirtiéndose en Sir Roderick David Stewart.;https://es.wikipedia.org/wiki/Rod_Stewart
14;es;¿Bajo qué nombre es Pierre Sarkozy más conocido en medio de la noche ?;DJ Mosey;Afrojack;Madeon;Avicii;Confirmé;El 23 de septiembre de 1982, Nicolas Sarkozy se casó con Marie-Dominique Culioli con quien tuvieron a Pierre en 1985 y a Jean en 1986.;
15;es;¿Qué actor francés se convirtió en 2013 en la nueva cara de los perfumes Brut ?;Samuel Le Bihan;Laurent Lafitte;Thierry Fremont;Guillaume Canet;Confirmé;En 2014, creó una asociación que tiene como objetivo luchar contra el flujo de contaminación plástica en continentes y océanos.;
16;es;¿Quién fue durante mucho tiempo el compañero del bimbo Lolo Ferrari ?;Eric Vigne;Amaury Vassili;Jan Bucquoy;Francis De Smet;Confirmé;Lolo Ferrari siempre ha tenido una gran admiración por Amanda Lear y Marilyn Monroe, a quienes quería parecer.;https://es.wikipedia.org/wiki/Lolo_Ferrari
17;es;¿Qué modelo mexicano se casó con el gran y duro Vin Diesel ?;Paloma Jiménez;Paulina Flores;Blanca Soto;Ninel Conde;Confirmé;Su última hija se llamaba Pauline en homenaje a su amigo Paul Walker, quien murió en un accidente automovilístico en California.;https://es.wikipedia.org/wiki/Vin_Diesel
18;es;¿Qué cantante de ópera francesa fue arrestado en 2013 por robar narcóticos ?;Amaury Vassili;Louis Sainteve;Guy Chauvet;Gilbert Duprez;Confirmé;A menudo retratado como el más joven del mundo, el tono más oscuro de su voz preferiría clasificarlo como un barítono martin.;https://es.wikipedia.org/wiki/Amaury_Vassili
19;es;¿Qué estrella de Hollywood ha revelado un pase de joven luchador adolescente ?;Tom Cruise;Hugh Jackman;Tobey Maguire;Christian Bale;Confirmé;Tom Cruise comenzó en « Risky Business » en 1983, pero fue después de jugar en « Top Gun » que se convirtió en una estrella internacional.;https://es.wikipedia.org/wiki/Tom_Cruise
20;es;¿A qué cantante, Justin Bieber, adora ?;Jimi Hendrix;Luther Johnson;Otis Rush;Elmore James;Confirmé;Hendrix no solo tenía la distinción de ser un guitarrista zurdo, sino también de tocar en una guitarra diestra.;https://es.wikipedia.org/wiki/Jimi_Hendrix
21;es;¿Qué modelo húngaro se ha convertido en la cara de la marca Gas Jeans ?;Barbara Palvin;Andrea Osvart;Annelies Toros;Zita Gorog;Expert;Durante su carrera, ha aparecido en varias revistas húngaras como Elle, Glamour y Cosmopolitan Hungary.;https://es.wikipedia.org/wiki/Barbara_Palvin
22;es;¿Sin qué modelo no puede vivir Christian Audigier ?;Nathalie Sorensen;Adriana Lima;Isabeli Fontana;Lais Ribeiro;Expert;Aprovecha al máximo su éxito para pasar más tiempo con sus hijos y su compañera, la modelo Nathalie Sorensen.;https://es.wikipedia.org/wiki/Christian_Audigier
23;es;¿Qué actor mexicano es también embajador de Oxfam ?;Gael Garcia Bernal;Enrique Guzman;Bruno Bichir;Emilio Osorio;Expert;El 14 de agosto de 2012, recibió el Premio a la Excelencia Moët and Chandon por toda su carrera en el Festival de Locarno.;
24;es;¿Qué bomba estadounidense ha promocionado las nuevas gafas Osiris ?;Erin Heatherton;Candice Swanepoel;Lindsay Ellingson;Lily Aldridge;Expert;Erin Heatherton, una marca de Victoria's Secret entre 2010 y 2013, también es conocida por sus pecas.;https://es.wikipedia.org/wiki/Erin_Heatherton
25;es;¿Con qué Miss Universe Latin Lover tuvo David Bisbal un idilio ?;Zuleyka Rivera;Natalie Glebova;Riyo Mori;Dayana Mendoza;Expert;Zuleyka Jerris Rivera Mendoza es el quinto puertorriqueño en ganar el título de Miss Universo, aquí en 2006 en Los Ángeles.;https://es.wikipedia.org/wiki/Zuleyka_Rivera
26;es;¿Con qué director está Kate Bosworth unida por los lazos del matrimonio ?;Michael Polaco;Ian Somerhalder;Matt Czuchry;Orlando Bloom;Expert;Kate Bosworth, que tiene ojos negros (uno azul y otro marrón), tuvo una relación con el actor Ian Somerhalder en 2002.;https://es.wikipedia.org/wiki/Kate_Bosworth
27;es;¿Quién ha sido declarado nueva musa Naf Naf Otoño-Invierno 2013/2014 ?;Leighton Meester;Blake Lively;Jessica Szohr;Kelly Rutherford;Expert;Se sabe que Leighton Meester encarnó al personaje de Blair Waldorf en la serie dramática estadounidense « Gossip Girl ».;https://es.wikipedia.org/wiki/Leighton_Meester
28;es;¿Qué actriz estadounidense es hija del fallecido Jayne Mansfield ?;Mariska Hargitay;Helen Hunt;Gwyneth Paltrow;Glenn Close;Expert;Durante su victoria en el Emmy en 2006, Mariska hizo un honor agradecer a su padre por todo lo que había hecho por ella.;https://es.wikipedia.org/wiki/Mariska_Hargitay
29;es;¿Con qué presentador está casado el piloto de Fórmula 1 Romain Grosjean ?;Marion Jolles;Laurence Ferrari;Valerie Begue;Daphne Chollet;Expert;Desde 2014, presenta el espectáculo « Historia de un sueño » todos los martes y viernes a las 13:55 en TF1, sucediendo a Hélène Boucher.;
30;es;¿Con qué sublime supermodelo suizo Joe Jonas arrulló en 2013 ?;Blanda Eggenschwiler;Sienna Miller;Lauren Gold;Cara Delevingne;Expert;Criado en una familia cristiana, Joe Jonas descubrió una pasión por la comedia muy joven.;https://es.wikipedia.org/wiki/Joe_Jonas
1;it;Chi ha annunciato che suo marito, Orlando Bloom, era un feticista dei piedi ?;Miranda Kerr;Jessica Clarke;Hannah Davis;Rhea Durham;Débutant;Nel 2007, Miranda Kerr è stata la prima modella australiana a far parte del prestigioso team Victoria's Secret Angels.;https://it.wikipedia.org/wiki/Miranda_Kerr
2;it;Quale cantante e attrice è la bomba latina più famosa al mondo ?;Jennifer Lopez;Mariah Carey;Nicki Minaj;Paula Abdul;Débutant;Con una fortuna di 400 milioni di dollari, nel 2013 è stata premiata per la sua carriera e ha ricevuto la 2.500a stella della Walk of Fame.;https://it.wikipedia.org/wiki/Jennifer_Lopez
3;it;Quale principessa ha illuminato la Roccia al 65 ° Gala della Croce Rossa ?;Charlene;Anne;Beatrice;Eugenia;Débutant;Con il suo matrimonio con il sovrano Principe Alberto II di Monaco, è ora conosciuta come la Principessa Charlene di Monaco.;https://it.wikipedia.org/wiki/Charlène_Wittstock
4;it;Quale campione di tennis russo ha lanciato il suo marchio di caramelle ?;Maria Sharapova;Dinara Safina;Alina Jidkova;Maria Kirilenko;Débutant;Migliore giocatrice russa nella storia del tennis, ha vinto una medaglia d'argento olimpica nel 2012.;https://it.wikipedia.org/wiki/Marija_ ?arapova
5;it;A che età Halle Berry ha dato alla luce il suo secondo figlio ?;47 anni;52 anni;42 anni;37 anni;Débutant;Divorziato dal giocatore di baseball David Justice, poi dal cantante Eric Benet, ebbe un figlio con il comico francese Olivier Martinez.;https://it.wikipedia.org/wiki/Halle_Berry
6;it;Quale star del cinema francese ha Lilou Fogli nel 2013 ?;Clovis Cornillac;Kad Merad;Gerard Lanvin;Benoit Magimel;Débutant;Nel 2008 ha inaugurato a Lione il suo ristorante con influenze mediterranee, con il suo ex cognato ed ex cognata.;https://it.wikipedia.org/wiki/Clovis_Cornillac
7;it;Quale cantante francese la rivista Life chiamava la ragazza yéyé ?;Sylvie Vartan;Marie Laforet;Nana Mouskouri;Mireille Mathieu;Débutant;Sylvie Vartan ha cantato in nove lingue: francese, inglese, tedesco, spagnolo, italiano, giapponese, olandese, bulgaro e portoghese.;https://it.wikipedia.org/wiki/Sylvie_Vartan
8;it;Quale tennista serba ha chiesto la mano di Jelena Ristic nel 2013 ?;Novak Djokovic;Viktor Troicki;Dusan Lajovic;Laslo Djere;Débutant;Novak Djokovic ha realizzato il Petit Slam nel 2011 e 2015, nonché il Grand Slam tra Wimbledon 2015 e Roland Garros 2016.;https://it.wikipedia.org/wiki/Novak_Djokovic
9;it;Quale ex fidanzata di Johnny Depp ha rivendicato la sua bisessualità nel 2010 ?;Amber Heard;Sherilyn Fenn;Jennifer Grey;Vanessa Paradis;Débutant;Nel 2016 ha partecipato a un ambizioso progetto : il biopic « The Danish Girl », diretto dal regista australiano premio Oscar Tom Hooper.;https://it.wikipedia.org/wiki/Amber_Heard
10;it;Quale favoloso chef savoiardo è sopravvissuto a un terribile incidente sugli sci ?;Marc Veyrat;Thierry Marx;Vincent Arnould;Alain Passard;Débutant;È riconosciuto dalle guide gastronomiche come un cuoco eccezionale, avendo ottenuto tre volte tre stelle nella Guida Michelin.;
11;it;A soli 27 anni, quale modella ha detto di sì al suo fidanzato John Legend ?;Chrissy Teigen;Pamela Bach;Virginia Gardner;Olivia Jordan;Confirmé;Chrissy Teigen gestisce anche un blog, sodelushious.com, dove parla delle sue scoperte culinarie durante i suoi viaggi.;https://it.wikipedia.org/wiki/Christine_Teigen
12;it;Quando hanno partorito Kate Middleton e Penélope Cruz ?;22 luglio 2013;16 giugno 2012;12 agosto 2014;11 settembre 2015;Confirmé;Penélope Cruz è stata un modello per diverse aziende L'Oréal, ma ha anche progettato elementi per Mango.;https://it.wikipedia.org/wiki/Penélope_Cruz
13;it;Quale cantante è padre di otto figli nati da cinque madri diverse ?;Rod Stewart;Bon Jovi;Phil Collins;Neil Diamond;Confirmé;L'11 ottobre 2016, Rod Stewart fu nominato cavaliere dal principe William, duca di Cambridge, diventando Sir Roderick David Stewart.;https://it.wikipedia.org/wiki/Rod_Stewart
14;it;Con quale nome Pierre Sarkozy è meglio conosciuto nel cuore della notte ?;DJ Mosey;Afrojack;Madeon;Avicii;Confirmé;Il 23 settembre 1982 Nicolas Sarkozy sposò Marie-Dominique Culioli con cui avevano Pierre nel 1985 e Jean nel 1986.;
15;it;Quale attore francese è diventato nel 2013 il nuovo volto dei profumi Brut ?;Samuel Le Bihan;Laurent Lafitte;Thierry Fremont;Guillaume Canet;Confirmé;Nel 2014 ha creato un'associazione che mira a combattere il flusso di inquinamento da plastica nei continenti e negli oceani.;https://it.wikipedia.org/wiki/Samuel_Le_Bihan
16;it;Chi è stato per lungo tempo il compagno del bimbo Lolo Ferrari ?;Eric Vigne;Amaury Vassili;Jan Bucquoy;Francis De Smet;Confirmé;Lolo Ferrari ha sempre avuto una grande ammirazione per Amanda Lear e Marilyn Monroe a cui voleva apparire.;https://it.wikipedia.org/wiki/Lolo_Ferrari
17;it;Quale modello messicano ha sposato il grande e duro Vin Diesel ?;Paloma Jimenez;Paulina Flores;Blanca Soto;Ninel Conde;Confirmé;La loro ultima figlia è stata nominata Pauline in omaggio al loro amico Paul Walker, morto in un incidente d'auto in California.;https://it.wikipedia.org/wiki/Vin_Diesel
18;it;Quale cantante lirica francese è stata arrestata nel 2013 per aver rubato narcotici ?;Amaury Vassili;Louis Sainteve;Guy Chauvet;Gilbert Duprez;Confirmé;Spesso rappresentato come il più giovane del mondo, il tono più scuro della sua voce lo classificherebbe piuttosto come un martino baritono.;https://it.wikipedia.org/wiki/Amaury_Vassili
19;it;Quale star di Hollywood ha rivelato il passaggio di un giovane adolescente combattente ?;Tom Cruise;Hugh Jackman;Tobey Maguire;Christian Bale;Confirmé;Tom Cruise iniziò in « Risky Business » nel 1983, ma fu dopo aver suonato in « Top Gun » che divenne una star internazionale.;https://it.wikipedia.org/wiki/Tom_Cruise
20;it;Quale cantante, Justin Bieber, adora ?;Jimi Hendrix;Luther Johnson;Otis Rush;Elmore James;Confirmé;Hendrix non solo aveva la particolarità di essere un chitarrista per mancini, ma anche di suonare una chitarra per mancini.;https://it.wikipedia.org/wiki/Jimi_Hendrix
21;it;Quale modello ungherese è diventato il volto del marchio Gas Jeans ?;Barbara Palvin;Andrea Osvart;Annelies Toros;Zita Gorog;Expert;Durante la sua carriera, è apparsa in varie riviste ungheresi come Elle, Glamour e l'Ungheria cosmopolita.;https://it.wikipedia.org/wiki/Barbara_Palvin
22;it;Di quale modello Christian Audigier non può vivere senza ?;Nathalie Sorensen;Adriana Lima;Isabeli Fontana;Lais Ribeiro;Expert;Approfitta del suo successo per trascorrere più tempo con i suoi figli e la sua compagna, la modella Nathalie Sorensen.;
23;it;Quale attore messicano è anche ambasciatore di Oxfam ?;Gael Garcia Bernal;Enrique Guzman;Bruno Bichir;Emilio Osorio;Expert;Il 14 agosto 2012, ha ricevuto l'eccellenza Award Moët et Chandon per tutta la sua carriera al Festival di Locarno.;
24;it;Quale bomba americana ha promosso i nuovi occhiali Osiris ?;Erin Heatherton;Candice Swanepoel;Lindsay Ellingson;Lily Aldridge;Expert;Erin Heatherton, un marchio Victoria's Secret tra il 2010 e il 2013, è anche conosciuta per le sue lentiggini.;https://it.wikipedia.org/wiki/Erin_Heatherton
25;it;Con quale amante latino della Miss Universo David Bisbal aveva un idillio ?;Zuleyka Rivera;Natalie Glebova;Riyo Mori;Dayana Mendoza;Expert;Zuleyka Jerris Rivera Mendoza è la quinta portoricana a vincere il titolo Miss Universo, qui nel 2006 a Los Angeles.;https://it.wikipedia.org/wiki/Zuleyka_Rivera
26;it;Con quale regista Kate Bosworth è unita dai vincoli del matrimonio ?;Michael Polish;Ian Somerhalder;Matt Czuchry;Orlando Bloom;Expert;Kate Bosworth, che ha gli occhi neri (uno blu e l'altro marrone), aveva una relazione con l'attore Ian Somerhalder nel 2002.;https://it.wikipedia.org/wiki/Kate_Bosworth
27;it;Chi è stato dichiarato la nuova musa Naf Naf Autunno-Inverno 2013/2014 ?;Leighton Meester;Blake Lively;Jessica Szohr;Kelly Rutherford;Expert;Si sa che Leighton Meester ha incarnato il personaggio di Blair Waldorf nella serie drammatica americana « Gossip Girl ».;https://it.wikipedia.org/wiki/Leighton_Meester
28;it;Quale attrice americana è la figlia del defunto Jayne Mansfield ?;Mariska Hargitay;Helen Hunt;Gwyneth Paltrow;Glenn Close;Expert;Durante la sua vittoria all'Emmy nel 2006, Mariska ha reso onore al padre ringraziare suo padre per tutto ciò che aveva fatto per lei.;https://it.wikipedia.org/wiki/Mariska_Hargitay
29;it;Con quale presentatore è sposato il pilota di Formula 1 Romain Grosjean ?;Marion Jolles;Laurence Ferrari;Valerie Begue;Daphne Chollet;Expert;Dal 2014, presenta lo spettacolo « Storia di un sogno » ogni martedì e venerdì alle 13:55 su TF1, succedendo a Hélène Boucher.;
30;it;Con quale sublime supermodella svizzera Joe Jonas è uscito nel 2013 ?;Blanda Eggenschwiler;Sienna Miller;Lauren Gold;Cara Delevingne;Expert;Cresciuto in una famiglia cristiana, Joe Jonas ha scoperto una passione per la commedia molto giovane.;https://it.wikipedia.org/wiki/Joe_Jonas
1;nl;Wie heeft aangekondigd dat haar man, Orlando Bloom, een voetfetisjist was ?;Miranda Kerr;Jessica Clarke;Hannah Davis;Rhea Durham;Débutant;In 2007 was Miranda Kerr het eerste Australische model dat zich bij het prestigieuze Victoria's Secret Angels-team voegde.;https://nl.wikipedia.org/wiki/Miranda_Kerr
2;nl;Welke zangeres en actrice is de beroemdste Latin bomba ter wereld ?;Jennifer Lopez;Mariah Carey;Nicki Minaj;Paula Abdul;Débutant;Met een fortuin van 400 miljoen dollar werd ze in 2013 beloond voor haar carrière en ontving ze de 2500e ster van de Walk of Fame.;https://nl.wikipedia.org/wiki/Jennifer_Lopez
3;nl;Welke prinses heeft de Rots verlicht tijdens het 65e Rode Kruis Gala ?;Charlene;Anne;Beatrice;Eugenie;Débutant;Door haar huwelijk met de soevereine Prins Albert II van Monaco, staat ze nu bekend als de prinses Charlene van Monaco.;https://nl.wikipedia.org/wiki/Charlene_Wittstock
4;nl;Welke Russische tenniskampioen heeft haar eigen snoepmerk gelanceerd ?;Maria Sharapova;Dinara Safina;Alina Jidkova;Maria Kirilenko;Débutant;De beste Russische speler in de tennisgeschiedenis heeft in 2012 een olympische zilveren medaille gewonnen.;https://nl.wikipedia.org/wiki/Maria_Sjarapova
5;nl;Op welke leeftijd heeft Halle Berry haar tweede kind gekregen ?;47 jaar oud;52 jaar oud;42 jaar oud;37 jaar oud;Débutant;Gescheiden door honkbalspeler David Justice, vervolgens zanger Eric Benet, had ze een zoon met de Franse komiek Olivier Martinez.;https://nl.wikipedia.org/wiki/Halle_Berry
6;nl;Welke Franse filmster heeft Lilou Fogli in 2013 ?;Clovis Cornillac;Kad Merad;Gerard Lanvin;Benoit Magimel;Débutant;In 2008 huldigde hij in Lyon zijn restaurant met mediterrane invloeden in, met zijn ex-zwager en ex-schoonzus.;
7;nl;Welke Franse zangeres noemde Life Magazine het meisje van Yéyé ?;Sylvie Vartan;Marie Laforet;Nana Mouskouri;Mireille Mathieu;Débutant;Sylvie Vartan heeft in negen talen gezongen: Frans, Engels, Duits, Spaans, Italiaans, Japans, Nederlands, Bulgaars en Portugees.;https://nl.wikipedia.org/wiki/Sylvie_Vartan
8;nl;Welke Servische tennisser vroeg in 2013 om de hand van Jelena Ristic ?;Novak Djokovic;Viktor Troicki;Dusan Lajovic;Laslo Djere;Débutant;Novak Djokovic maakte de Petit Slam in 2011 en 2015, evenals de Grand Slam tussen Wimbledon 2015 en Roland Garros 2016.;https://nl.wikipedia.org/wiki/Novak_Djokovic
9;nl;Welke ex-vriendin van Johnny Depp beweerde haar biseksualiteit in 2010 ?;Amber Heard;Sherilyn Fenn;Jennifer Gray;Vanessa Paradis;Débutant;In 2016 nam ze deel aan een ambitieus project : het biopic « The Danish Girl », geregisseerd door de Oscar-winnende Australische filmmaker Tom Hooper.;https://nl.wikipedia.org/wiki/Amber_Heard
10;nl;Wat een fantastische Savoyaardse chef-kok heeft een vreselijk ski-ongeluk overleefd ?;Marc Veyrat;Thierry Marx;Vincent Arnould;Alain Passard;Débutant;Hij wordt door de gastronomische gidsen erkend als een uitzonderlijke kok, die drie keer drie sterren heeft behaald in de Michelin-gids.;
11;nl;Op slechts 27 jaar oud, welk model heeft ja gezegd tegen haar verloofde John Legend ?;Chrissy Teigen;Pamela Bach;Virginia Gardner;Olivia Jordanië;Confirmé;Chrissy Teigen heeft ook een blog, sodelushious.com, waar ze vertelt over haar culinaire ontdekkingen tijdens haar reizen.;
12;nl;Wanneer zijn Kate Middleton en Penélope Cruz bevallen ?;22 juli 2013;16 juni 2012;12 augustus 2014;11 september 2015;Confirmé;Penélope Cruz is model geweest voor verschillende L'Oréal-bedrijven, maar heeft ook elementen voor Mango ontworpen.;https://nl.wikipedia.org/wiki/Penélope_Cruz
13;nl;Welke zanger is vader van acht kinderen van vijf verschillende moeders ?;Rod Stewart;Bon Jovi;Phil Collins;Neil Diamond;Confirmé;Op 11 oktober 2016 werd Rod Stewart tot ridder van Prins William, hertog van Cambridge, en werd Sir Roderick David Stewart.;https://nl.wikipedia.org/wiki/Rod_Stewart
14;nl;Onder welke naam is Pierre Sarkozy het best bekend in het midden van de nacht ?;DJ Mosey;Afrojack;Madeon;Avicii;Confirmé;Op 23 september 1982 trouwde Nicolas Sarkozy met Marie-Dominique Culioli met wie ze Pierre hadden in 1985 en Jean in 1986.;
15;nl;Welke Franse acteur werd in 2013 het nieuwe gezicht van Brut-parfums ?;Samuel Le Bihan;Laurent Lafitte;Thierry Fremont;Guillaume Canet;Confirmé;In 2014 richtte hij een vereniging op die zich richt tegen de stroom plasticvervuiling op continenten en oceanen.;https://nl.wikipedia.org/wiki/Samuel_Le_Bihan
16;nl;Wie was lange tijd de metgezel van de bimbo Lolo Ferrari ?;Eric Vigne;Amaury Vassili;Jan Bucquoy;Francis De Smet;Confirmé;Lolo Ferrari heeft altijd een grote bewondering gehad voor Amanda Lear en Marilyn Monroe op wie ze eruit wilde zien.;https://nl.wikipedia.org/wiki/Lolo_Ferrari
17;nl;Welk Mexicaans model trouwde met de grote harde Vin Diesel ?;Paloma Jimenez;Paulina Flores;Blanca Soto;Ninel Conde;Confirmé;Hun laatste dochter werd Pauline genoemd als eerbetoon aan hun vriend Paul Walker, die stierf in een auto-ongeluk in Californië.;https://nl.wikipedia.org/wiki/Vin_Diesel
18;nl;Welke Franse operazanger werd in 2013 gearresteerd voor het stelen van verdovende middelen ?;Amaury Vassili;Louis Sainteve;Guy Chauvet;Gilbert Duprez;Confirmé;Vaak afgebeeld als de jongste ter wereld, zou de donkere toon van zijn stem hem liever classificeren als een bariton Martin.;https://nl.wikipedia.org/wiki/Amaury_Vassili
19;nl;Welke Hollywood-ster heeft een jonge vechterstienpas onthuld ?;Tom Cruise;Hugh Jackman;Tobey Maguire;Christian Bale;Confirmé;Tom Cruise begon in 1983 in « Risky Business », maar het was na het spelen in « Top Gun » dat hij een internationale ster werd.;https://nl.wikipedia.org/wiki/Tom_Cruise
20;nl;Welke zanger, Justin Bieber, aanbidt hij ?;Jimi Hendrix;Luther Johnson;Otis Rush;Elmore James;Confirmé;Hendrix onderscheidde zich niet alleen als een linkshandige gitarist, maar ook om op een rechtshandige gitaar te spelen.;https://nl.wikipedia.org/wiki/Jimi_Hendrix
21;nl;Welk Hongaars model is het gezicht van het merk Gas Jeans geworden ?;Barbara Palvin;Andrea Osvart;Annelies Toros;Zita Gorog;Expert;Tijdens haar carrière is ze verschenen in verschillende Hongaarse tijdschriften zoals Elle, Glamour en Cosmopolitan Hungary.;https://nl.wikipedia.org/wiki/Barbara_Palvin
22;nl;Welk model Christian Audigier kan niet zonder ?;Nathalie Sorensen;Adriana Lima;Isabeli Fontana;Lais Ribeiro;Expert;Hij maakt optimaal gebruik van zijn succes om meer tijd door te brengen met zijn kinderen en zijn metgezel, het model Nathalie Sorensen.;
23;nl;Welke Mexicaanse acteur is ook ambassadeur voor Oxfam ?;Gael Garcia Bernal;Enrique Guzman;Bruno Bichir;Emilio Osorio;Expert;Op 14 augustus 2012 ontving hij de Excellence Award Moët et Chandon voor zijn hele carrière op het Locarno-festival.;
24;nl;Welke Amerikaanse bom heeft de nieuwe Osiris-bril gepromoot ?;Erin Heatherton;Candice Swanepoel;Lindsay Ellingson;Lily Aldridge;Expert;Erin Heatherton, een Victoria's Secret-merk tussen 2010 en 2013, staat ook bekend om haar sproeten.;https://nl.wikipedia.org/wiki/Erin_Heatherton
25;nl;Met welke Miss Universe Latin Lover Had David Bisbal een idylle ?;Zuleyka Rivera;Natalie Glebova;Riyo Mori;Dayana Mendoza;Expert;Zuleyka Jerris Rivera Mendoza is de vijfde Puerto Ricaanse die de Miss Universe-titel wint, hier in 2006 in Los Angeles.;https://nl.wikipedia.org/wiki/Zuleyka_Rivera
26;nl;Met welke regisseur is Kate Bosworth verenigd door de huwelijksbanden ?;Michael Polish;Ian Somerhalder;Matt Czuchry;Orlando Bloom;Expert;Kate Bosworth, die zwarte ogen heeft (de ene blauw, de andere bruin), had in 2002 een relatie met acteur Ian Somerhalder.;https://nl.wikipedia.org/wiki/Kate_Bosworth
27;nl;Wie is uitgeroepen tot nieuwe muze Naf Naf Herfst-Winter 2013/2014 ?;Leighton Meester;Blake Levendig;Jessica Szohr;Kelly Rutherford;Expert;Het is bekend dat Leighton Meester het karakter van Blair Waldorf heeft belichaamd in de Amerikaanse dramaserie « Gossip Girl ».;https://nl.wikipedia.org/wiki/Leighton_Meester
28;nl;Welke Amerikaanse actrice is de dochter van wijlen Jayne Mansfield ?;Mariska Hargitay;Helen Hunt;Gwyneth Paltrow;Glenn Sluiten;Expert;Tijdens haar overwinning op de Emmy in 2006 maakte Mariska er een erezaak van om haar vader te bedanken voor alles wat hij voor haar had gedaan.;https://nl.wikipedia.org/wiki/Mariska_Hargitay
29;nl;Met welke presentator is de Formule 1-coureur Romain Grosjean getrouwd ?;Marion Jolles;Laurence Ferrari;Valerie Begue;Daphne Chollet;Expert;Sinds 2014 presenteert ze de show « Verhaal van een droom » elke dinsdag en vrijdag om 13:55 op TF1, als opvolger van Hélène Boucher.;
30;nl;Met welk subliem supermodel Zwitser Joe Jonas cooed in 2013 ?;Blanda Eggenschwiler;Sienna Miller;Lauren Gold;Cara Delevingne;Expert;Opgegroeid in een christelijk gezin, ontdekte Joe Jonas al heel jong een passie voor komedie.;https://nl.wikipedia.org/wiki/Joe_Jonas
